,links
0,main page
1,contents
2,current events
3,random article
4,about wikipedia
5,help
6,learn to edit
7,community portal
8,recent changes
9,upload file
10,"





"
11,"
search
"
12,learn more
13,contributions
14,talk
15,article
16,talk
17,read
18,read
19,what links here
20,related changes
21,upload file
22,special pages
23,
24,
25,
26,jesus (disambiguation)
27,christ (disambiguation)
28,jesus christ (disambiguation)
29,jesus of nazareth (disambiguation)
30,
31,christ pantocrator
32,saint catherine's monastery
33,mount sinai
34,6 to 4 bc
35,herodian kingdom
36,roman empire
37,jerusalem
38,judaea
39,crucifixion
40,christianity
41,islam
42,druze faith
43,manifestation of god
44,baháʼí faith
45,mary
46,joseph
47,bc
48,ad
49,names and titles
50,jewish
51,preacher
52,christianity
53,world's largest religion
54,incarnation
55,god the son
56,messiah
57,christ
58,hebrew bible
59,antiquity
60,jesus existed historically
61,gospels
62,four canonical gospels
63,new testament
64,academic research
65,historical reliability of the gospels
66,historical jesus
67,galilean
68,was circumcised
69,baptized
70,john the baptist
71,his own ministry
72,rabbi
73,god
74,parables
75,twelve
76,disciples
77,jerusalem
78,jewish authorities
79,roman
80,crucified
81,pontius pilate
82,roman prefect
83,judea
84,rose from the dead
85,early christian church
86,worldwide movement
87,initially conserved by oral transmission
88,christian theology
89,holy spirit
90,born of a virgin
91,mary
92,miracles
93,christian church
94,crucifixion
95,atonement for sin
96,ascended
97,heaven
98,will return
99,christians believe jesus
100,nicene creed
101,judge the living and the dead
102,before
103,after
104,bodily resurrection
105,second coming
106,christian eschatology
107,prosopons
108,trinity
109,birth of jesus
110,christmas
111,good friday
112,easter sunday
113,calendar era
114,ad
115,2024
116,ce
117,birthdate of jesus
118,baha'i faith
119,druze faith
120,islam
121,in islam
122,ʿīsā
123,prophet
124,god
125,messiah
126,will return
127,day of judgement
128,muslims
129,mary
130,was killed or crucified
131,raised him into heaven while he was still alive
132,judaism rejects the belief
133,messianic prophecies
134,lawfully anointed
135,jesus (name)
136,holy name of jesus
137,names and titles of jesus in the new testament
138,names of god in christianity
139,a series
140,
141,jesus in christianity
142,christ
143,christology
144,names and titles
145,life of jesus
146,gospels
147,gospel harmony
148,places
149,virgin birth
150,nativity
151,baptism
152,ministry
153,sermon on the mount
154,miracles
155,parables
156,humiliation
157,execution
158,burial
159,resurrection
160,ascension
161,obedience
162,heavenly session
163,intercession
164,second coming
165,jesus in islam
166,masih
167,gospel
168,names and titles
169,mary
170,disciples
171,death
172,mahdi
173,end times
174,background
175,background to the new testament
176,language spoken by jesus
177,jesus' race
178,genealogy
179,jesus in history
180,chronology
181,historical jesus
182,quest for the historical jesus
183,historicity
184,sources for the historicity of jesus
185,reliability of the gospels
186,mythology
187,jesus myth theory
188,criticism
189,unknown years
190,relics
191,perspectives on jesus
192,christian
193,jewish
194,talmud
195,islamic
196,ahmadi
197,manichaean
198,mandaean
199,josephus
200,tacitus
201,bar-serapion
202,jesus in culture
203,life in art
204,depiction
205,jesuism
206,
207,christianity portal
208,islam portal
209,v
210,t
211,e
212,
213,hebrew
214,aramaic
215,greek
216,latin
217,english
218,jew
219,had only one name
220,"followed by the phrase ""son of [father's name]"""
221,nazareth
222,mary
223,james
224,joses
225,judas
226,simon
227,joseph
228,philip
229,gospel of matthew
230,angel
231,joseph
232,christianity
233,christ
234,title or office
235,mashiakh
236,anointed
237,messiah
238,sacred oil
239,prophesied
240,hebrew bible
241,christian
242,life of jesus
243,new testament places associated with jesus
244,events
245,life of jesus
246,canonical gospels
247,
248,early life
249,annunciation
250,visitation
251,joseph's dreams
252,nativity
253,virgin birth
254,annunciation to the shepherds
255,adoration of the shepherds
256,circumcision
257,adoration of the magi
258,flight into egypt
259,massacre of the innocents
260,presentation
261,return to nazareth
262,finding in the temple
263,ministry
264,baptism
265,temptation
266,commissioning
267,twelve apostles
268,sermon on the mount
269,plain
270,beatitudes
271,lord's prayer
272,miracles
273,parables
274,prayer
275,rejection
276,transfiguration
277,passion
278,triumphal entry into jerusalem
279,temple cleansing
280,second coming prophecy
281,anointing
282,last supper
283,farewell discourse
284,paraclete promised
285,agony in the garden
286,kiss of judas
287,arrest
288,sanhedrin trial
289,mocking
290,herod's court
291,pilate's court
292,flagellation
293,crown of thorns
294,via dolorosa
295,crucifixion
296,descent from the cross
297,entombment
298,harrowing of hell
299,resurrection
300,empty tomb
301,appearances
302,noli me tangere
303,road to emmaus
304,great commission
305,ascension
306,nt
307,road to damascus
308,john's vision
309,
310,christianity
311,
312,bible
313,v
314,t
315,e
316,gospel
317,gospel harmony
318,historical reliability of the gospels
319,
320,papyrus
321,gospel of luke
322,canonical gospels
323,matthew
324,mark
325,luke
326,john
327,last supper
328,1 corinthians 11
329,acts of the apostles
330,john the baptist
331,ascension of jesus
332,undisputed pauline letters
333,early christian
334,gospel of thomas
335,gospel of peter
336,gospel of judas
337,apocryphon of james
338,many other apocryphal writings
339,four evangelists
340,john mark
341,peter
342,matthew
343,luke
344,paul
345,beloved disciple
346,marcan priority
347,q source
348,literary genre
349,biography
350,inerrant
351,synoptic gospels
352,a series
353,christianity
354,
355,jesus
356,christ
357,nativity
358,baptism
359,ministry
360,crucifixion
361,resurrection
362,ascension
363,bible
364,old testament
365,new testament
366,gospel
367,canon
368,church
369,creed
370,new covenant
371,theology
372,god
373,trinity
374,father
375,son
376,holy spirit
377,apologetics
378,baptism
379,christology
380,history of theology
381,mission
382,salvation
383,universalism
384,history
385,tradition
386,apostles
387,peter
388,paul
389,mary
390,early christianity
391,church fathers
392,constantine
393,councils
394,augustine
395,ignatius
396,east–west schism
397,crusades
398,aquinas
399,reformation
400,luther
401,denominations
402,(full list)
403,nicene
404,catholic
405,latin
406,eastern
407,old catholic
408,independent catholic
409,eastern orthodox
410,oriental orthodox
411,church of the east
412,protestant
413,adventist
414,anabaptist
415,anglican
416,baptist
417,free evangelical
418,lutheran
419,methodist
420,moravian [hussite]
421,pentecostal
422,plymouth brethren
423,quaker
424,reformed
425,united protestant
426,waldensian
427,restorationist
428,christadelphians
429,iglesia ni cristo
430,irvingians
431,jehovah's witness
432,latter day saints
433,members church of god international
434,nondenominational christianity
435,the church of jesus christ of latter-day saints
436,the new church (swedenborgian)
437,unitarians and universalists
438,civilization
439,criticism
440,culture
441,ecumenism
442,glossary
443,index
444,liturgy
445,other religions
446,outline
447,prayer
448,sermon
449,symbolism
450,worship
451,glossary
452,index
453,outline
454,
455,christianity portal
456,v
457,t
458,e
459,synoptic gospels
460,transfiguration
461,apostles
462,cleansing of the temple
463,son of god
464,god's kingdom
465,son of david
466,good samaritan
467,prodigal son
468,prologue to the gospel of john
469,logos
470,bread of life
471,light of the world
472,true vine
473,chronology of jesus
474,early christianity
475,jerusalem
476,the passion
477,genealogy of jesus
478,nativity of jesus
479,mary
480,joseph
481,genealogy
482,abraham
483,david
484,adam
485,
486,gerard van honthorst
487,bethlehem
488,prophecy
489,birth of jesus
490,joseph
491,betrothed
492,virgin birth of jesus
493,holy spirit
494,acts of the apostles
495,
496,giovanni bellini
497,circumcision of jesus
498,joseph's four dreams
499,matthew 2:1
500,12
501,wise men
502,magi
503,king of the jews
504,herod the great
505,orders the murders of male infants
506,flees to egypt
507,nazareth
508,gabriel
509,caesar augustus
510,manger
511,angel announces the birth to a group of shepherds
512,have their baby circumcised on the eighth day after birth
513,presentation of jesus at the temple
514,christ child
515,return of the family of jesus to nazareth
516,unknown years of jesus
517,brothers of jesus
518,
519,the finding of the saviour in the temple
520,william holman hunt
521,galilee
522,his brothers
523,james
524,joses (or joseph)
525,judas
526,simon
527,joachim
528,anne
529,gospel of james
530,elizabeth
531,sobe
532,his ministry
533,he is crazy
534,wedding at cana
535,tektōn
536,carpenter
537,jerusalem
538,temple in jerusalem
539,presentation of jesus
540,simeon
541,passover
542,find him in the temple
543,baptism of jesus
544,temptation of christ
545,
546,the baptism of christ
547,john the baptist
548,josé ferraz de almeida júnior
549,synoptic gospels
550,jesus' baptism
551,jordan river
552,the temptations he received
553,judaean desert
554,public ministry
555,john the baptist
556,alms
557,perea
558,
559,ary scheffer
560,holy spirit
561,transfiguration
562,satan
563,galilee
564,praying
565,lamb of god
566,ministry of jesus
567,
568,carl bloch
569,jesus' important discourse
570,judea
571,galilee
572,jerusalem
573,rabbi
574,messianic secret
575,judaean desert
576,satan
577,his first disciples
578,sermon on the mount
579,calming of the storm
580,"feeding of the 5,000"
581,walking on water
582,parables
583,confession of peter
584,perean
585,sea of galilee
586,jordan river
587,final ministry in jerusalem
588,triumphal entry
589,palm sunday
590,drives the money changers
591,second temple
592,judas bargains to betray
593,last supper
594,farewell discourse
595,apostles in the new testament
596,commissioning of the twelve apostles
597,
598,james tissot
599,appoints twelve apostles
600,lamb of god
601,sermon on the plain
602,70 or 72 of his followers
603,kingdom of god
604,sermon on the mount
605,parables of jesus
606,miracles of jesus
607,sermon on the plain
608,five discourses of matthew
609,farewell discourse
610,olivet discourse
611,bread of life discourse
612,
613,jesus and the rich young man
614,heinrich hofmann
615,parables
616,kingdom of heaven
617,son of man
618,apocalyptic
619,jewish law
620,sabbath
621,loving your enemies
622,turning the other cheek
623,revelation
624,
625,the return of the prodigal son
626,spiritual
627,prodigal son
628,growing seed
629,
630,jesus cleansing a leper
631,mosaic
632,monreale cathedral
633,miracles
634,exorcisms
635,resurrections of the dead
636,turning water into wine
637,beelzebul
638,beelzebub
639,holy spirit
640,jonah
641,cleansing of ten lepers
642,raising of jairus's daughter
643,confession of peter
644,transfiguration of jesus
645,
646,transfiguration of jesus
647,carl bloch
648,peter
649,peter
650,passion week
651,triumphal entry into jerusalem
652,triumphal entry into jerusalem
653,cleansing of the temple
654,bargain of judas
655,
656,final entry into jerusalem
657,jean-léon gérôme
658,judea
659,the messiah's donkey
660,book of zechariah
661,palm fronds
662,second temple
663,question his authority
664,criticizes them and calls them hypocrites
665,judas iscariot
666,twelve apostles
667,30 silver coins
668,bethany
669,raises lazarus from the dead
670,mary of bethany
671,last supper
672,jesus predicts his betrayal
673,denial of peter
674,last supper in christian art
675,
676,last supper
677,juan de juanes
678,first epistle to the corinthians
679,jesus predicts
680,sacrament
681,ordinance
682,eucharist
683,bread of life discourse
684,institution narratives
685,rooster
686,jesus washing his disciples' feet
687,farewell discourse
688,christological
689,agony in the garden
690,kiss of judas
691,arrest of jesus
692,
693,kiss of judas
694,arrest of jesus
695,caravaggio
696,gethsemane
697,scribes
698,kisses jesus
699,arrests jesus
700,of a man
701,denies
702,roman soldiers
703,sanhedrin trial of jesus
704,pilate's court
705,jesus at herod's court
706,"jesus, king of the jews"
707,john 18:38
708,ecce homo
709,caiaphas
710,valerius gratus
711,sanhedrin
712,details of the trials
713,caiaphas
714,mocked
715,annas
716,
717,antonio ciseri
718,pontius pilate
719,son of man
720,pilate's court
721,pontius pilate
722,herod antipas
723,tetrarch
724,passover
725,barabbas
726,abba
727,inri
728,scourges jesus
729,crown of thorns
730,calvary
731,crucifixion of jesus
732,burial of jesus
733,sayings of jesus on the cross
734,crucifixion darkness
735,
736,pietro perugino
737,crucifixion
738,stabat mater
739,carrying his cross
740,via dolorosa
741,simon of cyrene
742,calvary
743,painkiller
744,cast lots
745,mock
746,one of them
747,the other
748,a group of female disciples of jesus
749,mary
750,beloved disciple
751,one soldier
752,lance
753,blood and water
754,period of darkness
755,centurion
756,son of god
757,joseph of arimathea
758,nicodemus
759,removes jesus' body from the cross
760,rock-hewn tomb
761,resurrection of jesus
762,empty tomb
763,ascension of jesus
764,overview of resurrection appearances in the gospels and paul
765,resurrection of jesus in christian art
766,ascension of jesus in christian art
767,
768,alexander andreyevich ivanov
769,resurrection of jesus
770,empty tomb
771,mary magdalene
772,other women
773,peter
774,beloved disciple
775,stole jesus' body
776,two disciples
777,emmaus
778,tangible wounds
779,thomas
780,his doubts
781,commissions the disciples
782,john 21
783,tells peter
784,ascension into heaven
785,acts of the apostles
786,stephen
787,damascus
788,paul is converted
789,ananias of damascus
790,book of revelation
791,last days of earth
792,early christianity
793,
794,good shepherd
795,acts of the apostles
796,jews
797,conversion
798,proselyte
799,jewish christians
800,orally
801,aramaic
802,greek
803,new testament
804,epistle to the galatians
805,centered in jerusalem
806,peter
807,"james, the brother of jesus"
808,john the apostle
809,his conversion
810,paul the apostle
811,non-jewish
812,new testament author
813,1st century
814,separate religion from judaism
815,destruction
816,second temple
817,hebrew bible
818,tanakh
819,religious text
820,septuagint
821,targum
822,canon of the new testament
823,historical jesus
824,quest for the historical jesus
825,scholarly interpretation of gospel elements
826,biblical criticism
827,enlightenment
828,price
829,inerrancy
830,
831,judea
832,galilee
833,judea
834,idumea
835,samaria
836,herodian
837,roman empire
838,judea
839,prefect
840,caesarea maritima
841,jerusalem
842,high priest of israel
843,galilee
844,hellenistic judaism
845,jewish religious tradition
846,hellenistic
847,fall of the western roman empire
848,muslim conquests
849,alexandria
850,antioch
851,greek urban settlements
852,middle east and north africa
853,alexander the great
854,jerusalem during the second temple period
855,judaizers
856,hebrew bible
857,biblical hebrew
858,biblical aramaic
859,jewish koine greek
860,targum
861,torah
862,moses
863,pharisees
864,essenes
865,sadducees
866,sources for the historicity of jesus
867,josephus on jesus
868,tacitus on christ
869,
870,roman-jewish
871,alexander the great
872,criterion of independent attestation
873,criterion of coherence
874,criterion of discontinuity
875,jesus seminar
876,gospel of thomas
877,q source
878,josephus
879,tacitus
880,louis feldman
881,antiquities of the jews
882,annals
883,capernaum
884,forum
885,agora
886,chronology of jesus
887,anno domini
888,saturnalia § influence
889,a series
890,jewish christianity
891,
892,in christianity
893,john the baptist
894,simon peter
895,twelve apostles
896,james the just
897,simeon of jerusalem
898,jude
899,paul
900,ebionites
901,elcesaites
902,nazarenes
903,hebrew christian movement
904,messianic judaism
905,hebrew roots
906,judaizers
907,legalists
908,split of christianity and judaism
909,paul and judaism
910,marcionism
911,christian anti-semitism
912,constantine
913,circumcision controversy
914,gospel of matthew
915,epistle of james
916,jewish–christian gospels
917,gospel of the ebionites
918,gospel of the hebrews
919,gospel of the nazarenes
920,clementine
921,didache
922,book of elchasai
923,aramaic of jesus
924,yeshua (name)
925,council of jerusalem
926,expounding of the law
927,sabbath
928,quartodecimanism
929,shekhinah
930,judaism portal
931,
932,christianity portal
933,v
934,t
935,e
936,judea
937,john the baptist
938,pontius pilate
939,herod the great
940,census of quirinius
941,ministry
942,tiberius
943,temple in jerusalem
944,death of john the baptist
945,herod antipas
946,herodias
947,conversion of paul
948,pauline epistles
949,acts of the apostles
950,passover
951,hebrew calendar
952,julian
953,historicity of jesus
954,cultural and historical background of jesus
955,history of the jews in the roman empire
956,historical criticism
957,textual criticism
958,historical reliability of the gospels
959,
960,
961,tacitus
962,great fire of rome
963,nero
964,brothers of jesus
965,charismatic leaders
966,james
967,géza vermes
968,virgin birth of jesus
969,synoptic problem
970,attested
971,e. p. sanders
972,birth narratives
973,gospel of matthew
974,gospel of luke
975,bethlehem
976,moses
977,josephus
978,he massacred little boys
979,infancy gospels
980,infancy gospel of thomas
981,gospel of james
982,david
983,gospel of luke
984,blood relative
985,john the baptist
986,
987,jordan river
988,james d. g. dunn
989,criterion of embarrassment
990,sins
991,repent
992,john the baptist
993,galilee
994,judea
995,parables
996,paradoxical
997,to offer the other cheek
998,sermon on the mount
999,sermon on the plain
1000,miracles
1001,antiquity
1002,end times
1003,twelve disciples
1004,apocalyptic
1005,tribes of israel
1006,judas iscariot
1007,foil
1008,repentance
1009,john the baptist
1010,son of man
1011,son of man
1012,paul the apostle
1013,eschatological
1014,gerd theissen
1015,galilee
1016,jerusalem
1017,passover
1018,second temple
1019,sacrament of the holy eucharist
1020,first letter to the corinthians
1021,pontius pilate
1022,prefect
1023,judaea
1024,
1025,l. michael white
1026,historical jesus
1027,quest for the historical jesus
1028,apocalyptic
1029,john the baptist
1030,paul the apostle
1031,burton mack
1032,eschatological
1033,sage
1034,cynic philosopher
1035,egalitarian
1036,social change
1037,zealot
1038,language of jesus
1039,race and appearance of jesus
1040,
1041,jewish palestinian aramaic
1042,hebrew
1043,greek
1044,galilean dialect
1045,koine greek
1046,judea
1047,ioudaios
1048,second temple judaism
1049,amy-jill levine
1050,olive-brown skin
1051,christ myth theory
1052,gospels
1053,myth
1054,bruno bauer
1055,albert kalthoff
1056,arthur drews
1057,historical jesus
1058,religious perspectives on jesus
1059,human history
1060,rejected him as the messiah
1061,judaism
1062,ecumenical councils
1063,christian denominations
1064,manichaeans
1065,gnostics
1066,muslims
1067,druzes
1068,baháʼí faith
1069,jesus in christianity
1070,christ (title)
1071,christology
1072,
1073,trinity
1074,god the father
1075,god the son
1076,jesus
1077,god the holy spirit
1078,
1079,alpha and omega
1080,catacombs of rome
1081,denominations
1082,catechetical
1083,confessional
1084,new testament
1085,canonical gospels
1086,pauline epistles
1087,johannine writings
1088,son of god
1089,major and minor differences
1090,resurrection of jesus
1091,reconciled with god
1092,salvation
1093,eternal life
1094,john the baptist
1095,gospel of john
1096,lamb of god
1097,new and last adam
1098,adam's disobedience
1099,theological debate
1100,god the son
1101,reformation
1102,michael servetus
1103,socinians
1104,the church of jesus christ of latter-day saints
1105,unitarians
1106,jehovah's witnesses
1107,his name
1108,holy name of jesus
1109,eastern
1110,western christianity
1111,judaism's view of jesus
1112,jesus in the talmud
1113,judaism
1114,tanakh
1115,third temple
1116,malachi
1117,range of stories
1118,talmud
1119,yeshu
1120,acronym
1121,mishneh torah
1122,jewish law
1123,moses maimonides
1124,toledot yeshu
1125,pandera
1126,jesus in manichaeism
1127,manichaeism
1128,zoroaster
1129,gautama buddha
1130,mani
1131,jesus in islam
1132,
1133,a series
1134,islam
1135,islamic prophets
1136,prophets in the quran
1137,ʾādam
1138,adam
1139,ʾidrīs
1140,enoch
1141,nūḥ
1142,noah
1143,hūd
1144,eber
1145,ṣāliḥ
1146,selah
1147,ʾibrāhīm
1148,abraham
1149,lūṭ
1150,lot
1151,ʾismāʿīl
1152,ishmael
1153,ʾisḥāq
1154,isaac
1155,yaʿqūb
1156,jacob
1157,yūsuf
1158,joseph
1159,ayūb
1160,job
1161,shuʿayb
1162,jethro
1163,mūsā
1164,moses
1165,hārūn
1166,aaron
1167,dhu al-kifl
1168,ezekiel
1169,dāūd
1170,david
1171,sulaymān
1172,solomon
1173,yūnus
1174,jonah
1175,ʾilyās
1176,elijah
1177,alyasaʿ
1178,elisha
1179,zakarīya
1180,zechariah
1181,yaḥyā
1182,john
1183,ʿīsā
1184,muḥammad
1185,muhammad
1186,main events
1187,stories of the prophets
1188,the three messengers
1189,"jews, christians, and muslims prophets"
1190,abrahamic prophets
1191,islam portal
1192,v
1193,t
1194,e
1195,
1196,persian miniature
1197,ʿīsā
1198,messenger
1199,god
1200,allāh
1201,al-masīḥ
1202,children of israel
1203,injīl
1204,taḥrīf
1205,muhammad
1206,messengers of god
1207,muslim
1208,son of god
1209,monotheism
1210,tawḥīd
1211,idolatry
1212,maryam
1213,his spirit
1214,his pre-existence
1215,miracles
1216,precursor
1217,sunni
1218,twelver shi'ite
1219,substitute
1220,ghulāt
1221,al-mufaddal ibn umar al-ju'fi
1222,brethren of purity
1223,isma'ili
1224,al-ghazali
1225,docetic
1226,ascension
1227,crucifixion
1228,islamic theories of salvation
1229,islamic eschatology
1230,he will return to earth
1231,end of time
1232,antichrist
1233,ad-dajjal
1234,muhammad
1235,surah as-saf
1236,jesus in ahmadiyya islam
1237,ahmadiyya
1238,distinct teachings
1239,kashmir
1240,india
1241,roza bal
1242,jesus in druze faith
1243,druze
1244,adam
1245,noah
1246,abraham
1247,moses
1248,muhammad
1249,muhammad ibn isma'il
1250,manifestation of god
1251,buddha
1252,muhammad
1253,christianity
1254,baháʼí faith
1255,manifestations of god
1256,abraham
1257,moses
1258,krishna
1259,zarathushtra
1260,buddha
1261,muhammad
1262,baháʼu'lláh
1263,progressive revelation
1264,criticism of jesus
1265,
1266,abolitionist
1267,the liberator
1268,
1269,manichaean
1270,qocho
1271,christian gnosticism
1272,gnosis
1273,docetics
1274,hindus
1275,avatar
1276,sadhu
1277,paramahansa yogananda
1278,guru
1279,elisha
1280,john the baptist
1281,elijah
1282,buddhists
1283,"tenzin gyatso, the 14th dalai lama"
1284,bodhisattva
1285,new age
1286,theosophists
1287,master jesus
1288,reformer
1289,various incarnations
1290,the urantia book
1291,antony theodore
1292,quran
1293,vedas
1294,upanishads
1295,talmud
1296,avesta
1297,atheists
1298,his mental health
1299,richard dawkins
1300,depiction of jesus
1301,
1302,dura europos
1303,dura-europos church
1304,early christian art
1305,catacombs of rome
1306,controversial
1307,icons
1308,byzantine iconoclasm
1309,protestant reformation
1310,resistance to imagery
1311,anglicans
1312,catholics
1313,eastern orthodox
1314,transfiguration
1315,icon
1316,renaissance
1317,fra angelico
1318,giotto
1319,crucifix
1320,relics associated with jesus
1321,
1322,shroud of turin
1323,siege of jerusalem
1324,margaret m. mitchell
1325,eusebius
1326,ecclesiastical history
1327,pella
1328,joe nickell
1329,relics
1330,erasmus
1331,cross used in the crucifixion
1332,holy nails
1333,crown of thorns
1334,pilgrims
1335,shroud of turin
1336,catholic devotion
1337,holy face of jesus
1338,popes
1339,john paul ii
1340,benedict xvi
1341,outline of jesus
1342,jesuism
1343,jesus in comparative mythology
1344,jesus in islam
1345,jesus in the talmud
1346,language of jesus
1347,last adam
1348,liminal deity
1349,list of books about jesus
1350,list of founders of religious traditions
1351,list of messiah claimants
1352,list of people claimed to be jesus
1353,list of people who have been considered deities
1354,list of statues of jesus
1355,sexuality of jesus
1356,tiberius julius abdes pantera
1357,john p. meier
1358,karl rahner
1359,e. p. sanders
1360,jack finegan
1361,james dunn
1362,bart ehrman
1363,john dominic crossan
1364,gregory a. boyd
1365,greek
1366,hebrew
1367,aramaic
1368,coptic
1369,geʽez
1370,greek
1371,hebrew
1372,latin
1373,slavonic
1374,syriac
1375,bart ehrman
1376,richard a. burridge
1377,robert m. price
1378,james d. g. dunn
1379,michael grant
1380,classicist
1381,robert e. van voorst
1382,the daily beast
1383,candida moss
1384,eastern christian
1385,julian calendar
1386,new revised standard version
1387,genealogy of jesus § comparison of the two genealogies
1388,genealogy of jesus § explanations for divergence
1389,amy-jill levine
1390,ioudaios
1391,matthew 2
1392,samaritan woman at the well
1393,john 4
1394,earl doherty
1395,apostolic age
1396,early church
1397,christology
1398,first seven ecumenical councils
1399,subordinationism
1400,sabellianism
1401,flavius josephus
1402,the jewish war
1403,aelia capitolina
1404,nature
1405,philip ball
1406,isbn
1407,978-0-8028-0977-3
1408,isbn
1409,978-0-8308-7853-6
1410,isbn
1411,978-0-521-04460-8
1412,isbn
1413,978-0-684-14889-2
1414,wayback machine
1415,isbn
1416,9780310534761
1417,isbn
1418,978-1-932792-93-5
1419,catholic encyclopedia
1420,isbn
1421,978-1-58983-482-8
1422,leviticus
1423,exodus 30
1424,isbn
1425,978-0-8028-2416-5
1426,isbn
1427,978-0-8028-2505-6
1428,isbn
1429,978-0-8010-2868-7
1430,isbn
1431,978-1-4335-1978-9
1432,isbn
1433,978-0-521-00802-0
1434,isbn
1435,978-0-19-925425-5
1436,isbn
1437,978-88-902268-0-9
1438,kregel publications
1439,isbn
1440,978-0-8254-9571-7
1441,oxford english dictionary
1442,oxford university press
1443,isbn
1444,978-0-8146-5806-2
1445,isbn
1446,978-0-8028-0680-2
1447,isbn
1448,978-0-19-955787-5
1449,isbn
1450,978-0-8054-4843-6
1451,isbn
1452,978-0-8010-2684-3
1453,matthew 1
1454,luke 2
1455,"france, r. t."
1456,isbn
1457,978-0-8028-0063-3
1458,isbn
1459,978-0-567-04073-2
1460,isbn
1461,978-0-85244-224-1
1462,isbn
1463,978-0-415-26036-7
1464,doi
1465,issn
1466,jstor
1467,matthew 1:19
1468,20
1469,isbn
1470,978-0-8010-3192-2
1471,isbn
1472,978-0-8028-4438-5
1473,isbn
1474,978-0-87973-573-9
1475,oclc
1476,"aslan, reza"
1477,isbn
1478,978-1-4000-6922-4
1479,isbn
1480,978-1-134-50949-2
1481,pg
1482,pg
1483,pg
1484,nicephorus callistus
1485,isbn
1486,978-0-521-79678-1
1487,isbn
1488,978-0-385-52699-9
1489,isbn
1490,978-0-8028-3711-0
1491,isbn
1492,978-0-8028-3318-1
1493,isbn
1494,978-0-918954-76-3
1495,isbn
1496,978-1-4286-3189-2
1497,isbn
1498,978-0-521-80766-1
1499,isbn
1500,978-0-8146-3260-4
1501,matthew 5–7
1502,isbn
1503,978-0-8308-2668-1
1504,isbn
1505,978-0-521-43078-4
1506,isbn
1507,978-0-8028-4255-8
1508,isbn
1509,978-0-8254-9715-5
1510,isbn
1511,978-1-886249-02-8
1512,isbn
1513,978-0-8308-3967-4
1514,isbn
1515,978-1-4267-2475-6
1516,isbn
1517,978-0-19-974391-9
1518,isbn
1519,978-0-85364-624-2
1520,isbn
1521,978-0-310-25150-7
1522,isbn
1523,978-0-8028-3717-2
1524,isbn
1525,978-0-310-30940-6
1526,isbn
1527,978-0-310-28101-6
1528,isbn
1529,978-1-4514-1007-5
1530,isbn
1531,978-0-8146-2211-7
1532,isbn
1533,978-0-664-25752-1
1534,isbn
1535,978-3-11-018151-7
1536,isbn
1537,978-0-310-28011-8
1538,isbn
1539,978-1-313-53490-1
1540,catholic encyclopedia
1541,isbn
1542,978-1-4514-1598-8
1543,isbn
1544,978-0-664-25260-1
1545,isbn
1546,978-0-8028-0453-2
1547,isbn
1548,978-1-4412-3659-3
1549,josephus
1550,isbn
1551,978-0-8028-3782-0
1552,isbn
1553,978-0-8054-9548-5
1554,isbn
1555,978-88-7653-625-0
1556,isbn
1557,978-1-58595-315-8
1558,isbn
1559,978-0-8254-9619-6
1560,isbn
1561,978-0-8146-5460-6
1562,isbn
1563,978-0-14-191263-9
1564,isbn
1565,978-0-8028-0966-7
1566,isbn
1567,978-0-8146-5807-9
1568,catholic encyclopedia
1569,wayback machine
1570,septuagint
1571,new testament epoch
1572,isbn
1573,978-0-674-22052-2
1574,historical reliability of the acts of the apostles
1575,isbn
1576,978-0-19-280290-3
1577,isbn
1578,978-0-664-25017-1
1579,"fee, gordon"
1580,"stuart, douglas"
1581,isbn
1582,978-0-310-51783-2
1583,isbn
1584,978-0-19-508481-8
1585,amy-jill levine
1586,isbn
1587,978-0-691-00992-6
1588,isbn
1589,978-0-8028-6353-9
1590,isbn
1591,978-1-56338-094-5
1592,isbn
1593,978-1-58983-293-0
1594,isbn
1595,978-1-139-05512-3
1596,isbn
1597,978-1-58983-293-0
1598,isbn
1599,978-1-58983-293-0
1600,isbn
1601,978-0-567-64517-3
1602,isbn
1603,978-0-19-508481-8
1604,isbn
1605,978-0-521-79678-1
1606,isbn
1607,978-0-8254-3260-6
1608,isbn
1609,978-0-391-04118-9
1610,isbn
1611,978-0-8091-4445-7
1612,isbn
1613,978-0-8028-4880-2
1614,isbn
1615,978-0-307-49918-9
1616,isbn
1617,978-0-691-00992-6
1618,isbn
1619,978-0-8146-5108-7
1620,isbn
1621,978-0-8028-2315-1
1622,isbn
1623,978-0-8308-2699-5
1624,bibcode
1625,"funk, robert w."
1626,the jesus seminar
1627,isbn
1628,978-0-8028-3784-4
1629,isbn
1630,978-0-8499-0232-1
1631,isbn
1632,978-1-4412-0010-5
1633,isbn
1634,978-1-4443-3090-8
1635,"bruner, frederick dale"
1636,isbn
1637,978-0-8028-1118-9
1638,isbn
1639,978-0-567-66817-2
1640,isbn
1641,978-0-89870-686-4
1642,"funk, robert w."
1643,the jesus seminar
1644,isbn
1645,978-0-8146-5933-5
1646,isbn
1647,978-1-57506-100-9
1648,isbn
1649,978-0-521-81239-9
1650,isbn
1651,978-90-04-16372-0
1652,isbn
1653,978-0-7188-2634-5
1654,doi
1655,isbn
1656,978-90-04-09921-0
1657,isbn
1658,978-0-8028-2402-8
1659,"porter, stanley e."
1660,isbn
1661,90-04-09921-2
1662,isbn
1663,0-87975-332-3
1664,isbn
1665,978-1841270760
1666,doi
1667,isbn
1668,978-0-19-529770-6
1669,doi
1670,s2cid
1671,doi
1672,isbn
1673,978-1-4443-5175-0
1674,isbn
1675,978-0-226-65879-7
1676,isbn
1677,978-1-139-45753-8
1678,isbn
1679,978-0-567-67150-9
1680,bart ehrman
1681,isbn
1682,978-0-06-207863-6
1683,doi
1684,james d. g. dunn
1685,isbn
1686,978-0-521-04460-8
1687,isbn
1688,978-0-8028-0977-3
1689,isbn
1690,978-1-898799-88-7
1691,graham stanton
1692,isbn
1693,978-0-19-213241-3
1694,robert e. van voorst
1695,isbn
1696,978-0-8028-4368-5
1697,isbn
1698,0-521-79678-4
1699,isbn
1700,0-19-826397-x
1701,isbn
1702,978-0199575275
1703,the guardian
1704,isbn
1705,978-1-56563-763-4
1706,isbn
1707,978-1-4655-4662-3
1708,isbn
1709,978-0-521-79678-1
1710,isbn
1711,978-0-19-152042-6
1712,isbn
1713,978-1-4443-5175-0
1714,isbn
1715,978-0-615-16635-3
1716,isbn
1717,978-1-4443-9383-5
1718,isbn
1719,978-0-664-25192-5
1720,isbn
1721,978-0-8010-2680-5
1722,isbn
1723,978-0-664-24351-7
1724,isbn
1725,978-0-7546-3779-0
1726,"pannenberg, wolfhart"
1727,isbn
1728,978-0-567-08466-8
1729,catholic encyclopedia
1730,isbn
1731,978-1-177-95809-7
1732,isbn
1733,978-0-9771937-0-7
1734,isbn
1735,978-1-139-44750-8
1736,isbn
1737,978-0-307-50940-6
1738,isbn
1739,978-0-521-67232-0
1740,augustine of hippo
1741,"ramsey, boniface"
1742,isbn
1743,978-1-56548-247-0
1744,isbn
1745,978-90-04-10459-4
1746,isbn
1747,978-0-7661-3666-3
1748,isbn
1749,978-90-04-30894-7
1750,isbn
1751,978-3-16-145820-0
1752,"siddiqui, mona"
1753,isbn
1754,978-0-300-16970-6
1755,isbn
1756,978-0-7425-6296-7
1757,isbn
1758,978-0-19-975726-8
1759,isbn
1760,978-0-521-79678-1
1761,isbn
1762,978-1-61251-015-6
1763,isbn
1764,978-0-631-20125-0
1765,isbn
1766,978-0-313-36025-1
1767,isbn
1768,978-0-310-24748-7
1769,isbn
1770,978-0-7618-5560-6
1771,isbn
1772,978-0-691-11553-5
1773,isbn
1774,978-0-8254-6223-8
1775,fakhr al-din al-razi
1776,abu mansur al-baghdadi
1777,ali ibn abi talib
1778,abdallah ibn saba'
1779,abu hatim al-razi
1780,ja'far ibn mansur al-yaman
1781,abu yaqub al-sijistani
1782,ibrahim al-hamidi
1783,baydawi
1784,isbn
1785,978-0-674-00477-1
1786,isbn
1787,978-1-62564-852-5
1788,doi
1789,issn
1790,s2cid
1791,isbn
1792,978-1-903900-36-9
1793,isbn
1794,978-965-200-028-6
1795,isbn
1796,978-0-300-04810-0
1797,isbn
1798,978-0-8108-7002-4
1799,isbn
1800,978-1-60413-104-8
1801,isbn
1802,978-0-87808-137-0
1803,baháʼí studies review
1804,études baháʼí studies
1805,isbn
1806,978-0-521-86251-6
1807,isbn
1808,978-0-8108-6853-3
1809,isbn
1810,978-0-87123-848-1
1811,isbn
1812,978-0-7425-6234-9
1813,isbn
1814,978-1-931847-34-6
1815,isbn
1816,978-1-85168-184-6
1817,isbn
1818,978-0-19-285439-1
1819,isbn
1820,978-0-19-518249-1
1821,isbn
1822,978-81-902562-0-9
1823,isbn
1824,978-1-59886-300-0
1825,isbn
1826,978-0-231-12402-7
1827,isbn
1828,978-0-85330-117-2
1829,zondervan
1830,isbn
1831,978-0-310-38551-6
1832,isbn
1833,978-8-194-28353-9
1834,lccn
1835,oclc
1836,ol
1837,lccn
1838,oclc
1839,ol
1840,"dawkins, richard"
1841,isbn
1842,978-0-547-34866-7
1843,isbn
1844,978-0-8143-2361-8
1845,isbn
1846,978-0-664-22416-5
1847,isbn
1848,978-1-56563-196-0
1849,synod of elvira
1850,isbn
1851,978-1-134-92102-7
1852,isbn
1853,978-0-8308-2594-3
1854,isbn
1855,978-0-8028-2778-4
1856,isbn
1857,978-0-415-45516-9
1858,isbn
1859,978-1-879038-15-8
1860,bibcode
1861,doi
1862,pmid
1863,helmut koester
1864,de gruyter press
1865,margaret m. mitchell
1866,isbn
1867,978-0-8131-3731-5
1868,doi
1869,bibcode
1870,doi
1871,pmid
1872,catholic encyclopedia
1873,isbn
1874,978-0-664-23433-1
1875,"blomberg, craig l."
1876,isbn
1877,978-0-8054-4482-7
1878,"craddock, fred b."
1879,isbn
1880,978-0-664-22754-8
1881,isbn
1882,978-0-385-05907-7
1883,isbn
1884,978-0-8091-2168-7
1885,"brown, raymond e."
1886,isbn
1887,978-0-8146-1283-5
1888,isbn
1889,978-0-385-24767-2
1890,"carter, warren"
1891,isbn
1892,978-0-8146-5113-1
1893,"chilton, bruce"
1894,"evans, craig a."
1895,isbn
1896,978-90-04-11142-4
1897,isbn
1898,978-0-8054-9444-0
1899,isbn
1900,978-0-19-280290-3
1901,"crossan, john d."
1902,isbn
1903,978-0-664-25842-9
1904,doi
1905,isbn
1906,978-2-503-56874-4
1907,"dickson, john"
1908,isbn
1909,978-0-8254-7802-4
1910,"dillenberger, john"
1911,isbn
1912,978-0-19-976146-3
1913,"harrington, daniel j."
1914,isbn
1915,978-0-8146-5804-8
1916,isbn
1917,978-0-87779-044-0
1918,"dunn, james d.g."
1919,isbn
1920,978-0-8028-3931-2
1921,"boyd, gregory a."
1922,isbn
1923,978-0-8010-3114-4
1924,"ehrman, bart"
1925,isbn
1926,978-0-19-983943-8
1927,isbn
1928,978-0-06-117393-6
1929,isbn
1930,978-0-06225-219-7
1931,isbn
1932,978-0-06-207863-6
1933,isbn
1934,978-0-06-208994-6
1935,"evans, craig a."
1936,isbn
1937,978-0-7814-3868-1
1938,isbn
1939,978-0-664-23413-3
1940,isbn
1941,978-0-521-01106-8
1942,isbn
1943,978-1-56563-143-4
1944,"freedman, david n."
1945,isbn
1946,978-0-8028-2400-4
1947,isbn
1948,978-0-520-05772-2
1949,the jesus seminar
1950,isbn
1951,978-0-0254-1949-0
1952,oclc
1953,"green, joel b."
1954,"mcknight, scot"
1955,"marshall, i. howard"
1956,isbn
1957,978-0-8308-1777-1
1958,"grudem, wayne"
1959,isbn
1960,978-0-310-28670-7
1961,isbn
1962,978-0-8264-8011-8
1963,doi
1964,s2cid
1965,isbn
1966,978-0-8028-6498-7
1967,isbn
1968,978-0-8028-6292-1
1969,isbn
1970,978-0-8054-4365-3
1971,isbn
1972,978-1-85168-635-3
1973,"lee, dorothy a."
1974,isbn
1975,978-0-8264-7595-4
1976,"levine, amy-jill"
1977,"allison, dale c."
1978,isbn
1979,978-0-691-00992-6
1980,"levine, amy-jill"
1981,isbn
1982,978-0-06-174811-0
1983,isbn
1984,978-0-8308-2719-0
1985,"maier, paul l."
1986,"finegan, jack"
1987,"yamauchi, edwin m."
1988,isbn
1989,978-0-931464-50-8
1990,isbn
1991,978-1-931018-31-9
1992,"mcgrath, alister e."
1993,isbn
1994,978-1-4051-0899-7
1995,"meier, john p."
1996,isbn
1997,978-0-300-14018-7
1998,isbn
1999,978-1-57506-100-9
2000,isbn
2001,978-1-59884-203-6
2002,isbn
2003,978-0-86554-373-7
2004,"morris, leon"
2005,isbn
2006,978-0-85111-338-8
2007,isbn
2008,978-0-310-31201-7
2009,"pannenberg, wolfhart"
2010,isbn
2011,978-0-334-00783-8
2012,"powell, mark a."
2013,isbn
2014,978-0-664-25703-3
2015,"rahner, karl"
2016,isbn
2017,978-0-86012-006-3
2018,"rausch, thomas p."
2019,isbn
2020,978-0-8146-5078-3
2021,isbn
2022,978-0-7847-1900-8
2023,isbn
2024,978-1-56338-394-6
2025,isbn
2026,978-0-7914-0559-8
2027,doi
2028,"sanders, e. p."
2029,isbn
2030,978-0-14-192822-7
2031,"theissen, gerd"
2032,"merz, annette"
2033,isbn
2034,978-1-4514-0863-8
2035,isbn
2036,978-0-664-22537-7
2037,"twelftree, graham h."
2038,isbn
2039,978-0-8308-1596-8
2040,isbn
2041,978-0-8028-4368-5
2042,"vine, william e."
2043,isbn
2044,978-0-916441-31-9
2045,"vermes, geza"
2046,isbn
2047,978-0-8006-1443-0
2048,"walvoord, john f."
2049,isbn
2050,978-0-88207-812-0
2051,"witherington, ben"
2052,isbn
2053,978-0-8308-1544-9
2054,this audio file
2055,audio help
2056,more spoken articles
2057,v
2058,t
2059,e
2060,outline
2061,list of topics
2062,chronology
2063,annunciation
2064,nativity
2065,virgin birth
2066,date of birth
2067,flight into egypt
2068,childhood
2069,unknown years
2070,baptism
2071,temptation
2072,apostles
2073,selecting
2074,great commission
2075,ministry
2076,disciples
2077,sermon on the mount
2078,plain
2079,beatitudes
2080,prayers
2081,lord's prayer
2082,parables
2083,miracles
2084,transfiguration
2085,homelessness
2086,great commandment
2087,olivet discourse
2088,anointing
2089,passion
2090,entry into jerusalem
2091,last supper
2092,farewell discourse
2093,agony in the garden
2094,arrest
2095,trial
2096,crucifixion
2097,sayings on the cross
2098,burial
2099,tomb
2100,resurrection
2101,ascension
2102,new testament
2103,gospels
2104,matthew
2105,mark
2106,luke
2107,john
2108,five discourses of matthew
2109,gospel harmony
2110,oral gospel traditions
2111,life of jesus in the new testament
2112,historical background of the new testament
2113,new testament places associated with jesus
2114,names and titles of jesus in the new testament
2115,historicity
2116,historical jesus
2117,quest for the historical jesus
2118,sources
2119,josephus
2120,tacitus
2121,mara bar serapion
2122,gospels
2123,christ myth theory
2124,depictions
2125,bibliography
2126,life in art
2127,statues
2128,transfiguration
2129,christianity
2130,christ
2131,christianity
2132,1st century
2133,christology
2134,incarnation
2135,person of christ
2136,pre-existence
2137,relics
2138,second coming
2139,session of christ
2140,son of god
2141,cosmic christ
2142,in other faiths
2143,jesuism
2144,in comparative mythology
2145,judaism
2146,in the talmud
2147,islam
2148,ahmadiyya
2149,manichaeism
2150,jesus the splendour
2151,mandaeism
2152,master jesus
2153,genealogies
2154,mary
2155,joseph
2156,holy family
2157,panthera
2158,brothers of jesus
2159,holy kinship
2160,anne
2161,joachim
2162,heli
2163,descendants
2164,clopas
2165,language of jesus
2166,interactions with women
2167,mary magdalene
2168,"mary, sister of martha"
2169,christmas
2170,easter
2171,rejection of jesus
2172,criticism
2173,mental health
2174,race and appearance
2175,sexuality
2176,category
2177,v
2178,t
2179,e
2180,christmas
2181,blue christmas
2182,boxing day
2183,children's day
2184,christmas eve
2185,saint nicholas day
2186,st. stephen's day
2187,sol invictus
2188,yule
2189,biblical magi
2190,adoration of the magi
2191,adoration of the shepherds
2192,advent
2193,angel gabriel
2194,annunciation
2195,annunciation to the shepherds
2196,baptism of the lord
2197,bethlehem
2198,christmastide
2199,epiphany
2200,herod the great
2201,joseph
2202,mary
2203,massacre of the innocents
2204,flight into egypt
2205,nativity fast
2206,nativity of jesus
2207,in art
2208,in later culture
2209,nativity scene
2210,neapolitan
2211,star of bethlehem
2212,twelfth night
2213,folklore
2214,badalisc
2215,caganer
2216,christkind
2217,grýla
2218,jack frost
2219,korvatunturi
2220,kallikantzaros
2221,legend of the christmas spider
2222,mari lwyd
2223,miner's figure
2224,nisse
2225,north pole
2226,old man winter
2227,perchta
2228,santa's workshop
2229,tió de nadal
2230,turoń
2231,vertep
2232,yule cat
2233,yule lads
2234,gift-bringers
2235,saint nicholas
2236,folklore
2237,santa claus
2238,befana
2239,ded moroz
2240,father christmas
2241,grandpa indian
2242,joulupukki
2243,julemanden
2244,noel baba
2245,olentzero
2246,père noël
2247,sinterklaas
2248,others
2249,companions ofsaint nicholas
2250,belsnickel
2251,elves
2252,knecht ruprecht
2253,krampus
2254,mrs. claus
2255,père fouettard
2256,sack man
2257,santa claus' daughter
2258,santa's reindeer
2259,rudolph the red-nosed reindeer
2260,snegurochka
2261,zwarte piet
2262,traditions
2263,advent calendar
2264,advent candle
2265,advent wreath
2266,boar's head feast
2267,candle arches
2268,cards
2269,carols by candlelight
2270,cavalcade of magi
2271,christingle
2272,christmas jumper
2273,christmas peace
2274,crackers
2275,decorations
2276,didukh
2277,events and celebrations
2278,feast of the seven fishes
2279,flying santa
2280,gifts
2281,google santa tracker
2282,hampers
2283,las posadas
2284,letters
2285,lights
2286,lord of misrule
2287,markets
2288,meals and feasts
2289,midnight mass
2290,moravian star
2291,nine lessons and carols
2292,norad tracks santa
2293,nutcrackers
2294,dolls
2295,ornaments
2296,parades
2297,list
2298,piñatas
2299,poinsettia
2300,pyramids
2301,räuchermann
2302,seals
2303,secret santa
2304,spanbaum
2305,szopka
2306,stamps
2307,stockings
2308,tree
2309,twelve days
2310,wassailing
2311,windows
2312,yule goat
2313,yule log
2314,by country
2315,australia
2316,colombia
2317,denmark
2318,england
2319,ethiopia
2320,finland
2321,france
2322,germany
2323,hungary
2324,iceland
2325,indonesia
2326,ireland
2327,italy
2328,mexico
2329,new zealand
2330,norway
2331,philippines
2332,poland
2333,romania
2334,russia
2335,scotland
2336,serbia
2337,sweden
2338,ukraine
2339,united states
2340,american civil war
2341,hawaii
2342,new mexico
2343,post-war united states
2344,music
2345,carols
2346,list
2347,operas
2348,songs
2349,hit singles in the uk
2350,hit singles in the us
2351,music charts (billboard)
2352,carols for choirs
2353,the oxford book of carols
2354,the new oxford book of carols
2355,piae cantiones
2356,other media
2357,in literature
2358,novels
2359,a christmas carol
2360,"films (christmas,"
2361,"santa,"
2362,christmas horror
2363,old santeclaus with much delight
2364,a visit from st. nicholas
2365,christmas day in the workhouse
2366,journey of the magi
2367,tomten
2368,christmas television specials
2369,yule log
2370,apollo 8 genesis reading
2371,advent conspiracy
2372,black friday (partying)
2373,black friday (shopping)
2374,bronner's christmas wonderland
2375,christmas and holiday season
2376,christmas club
2377,christmas creep
2378,christmas day (trading) act 2004
2379,christmas lectures
2380,christmas mountains
2381,christmas seals
2382,christmas truce
2383,controversies
2384,cyber monday
2385,economics
2386,giving tuesday
2387,grinch
2388,el gordo
2389,jews and christmas
2390,in july
2391,in august
2392,nba games
2393,nfl games
2394,pikkujoulu
2395,santacon
2396,santa's candy castle
2397,santa claus village
2398,scrooge
2399,small business saturday
2400,super saturday
2401,ugly sweaters
2402,virginia o'hanlon
2403,"yes, virginia, there is a santa claus"
2404,white christmas
2405,winter festivals
2406,wwe tribute to the troops
2407,xmas
2408,food anddrink
2409,dinner
2410,joulupöytä
2411,julebord
2412,kūčios
2413,réveillon
2414,thirteen desserts
2415,twelve-dish supper
2416,smörgåsbord
2417,wigilia
2418,candy cane
2419,cake
2420,cookie
2421,cozonac
2422,fruitcake
2423,gingerbread
2424,kutia
2425,makówki
2426,melomakarono
2427,mince pie
2428,pampushka
2429,panettone
2430,pavlova
2431,pecan pie
2432,pumpkin pie
2433,qurabiya
2434,red velvet cake
2435,stollen
2436,szaloncukor
2437,turrón
2438,yule log
2439,menudo
2440,borscht
2441,bread sauce
2442,cranberry sauce
2443,redcurrant sauce
2444,apple cider
2445,champurrado
2446,eggnog
2447,hot chocolate
2448,kissel
2449,mulled wine
2450,smoking bishop
2451,ponche crema
2452,hallaca
2453,pierogi
2454,tamale
2455,varenyky
2456,carp
2457,gefilte fish
2458,ham
2459,pickled herring
2460,roast goose
2461,romeritos
2462,stuffing
2463,tourtière
2464,meat pie
2465,turkey
2466,category
2467,v
2468,t
2469,e
2470,nativity of jesus
2471,holy family
2472,christ child
2473,mary
2474,joseph
2475,magi
2476,melchior
2477,caspar
2478,balthazar
2479,shepherds
2480,herod the great
2481,
2482,bethlehem
2483,gifts of the magi
2484,gold
2485,frankincense
2486,myrrh
2487,gospel of matthew
2488,matthew 1
2489,matthew 1:18
2490,matthew 1:19
2491,matthew 1:20
2492,matthew 1:21
2493,matthew 1:22
2494,matthew 1:23
2495,matthew 1:24
2496,matthew 1:25
2497,matthew 2:11
2498,adoration of the magi
2499,in art
2500,gospel of luke
2501,luke 2
2502,annunciation to the shepherds
2503,manger
2504,star of bethlehem
2505,virgin birth of jesus
2506,saint joseph's dreams
2507,flight into egypt
2508,in culture
2509,in art
2510,in film
2511,batlejka
2512,christmas village
2513,szopka
2514,nativity displays
2515,theft
2516,nativity play
2517,vertep
2518,serbian
2519,others
2520,advent
2521,christmas
2522,church of the nativity
2523,nativity fast
2524,v
2525,t
2526,e
2527,"mary, mother of jesus"
2528,family
2529,joseph
2530,joachim
2531,anne
2532,elizabeth
2533,brothers of jesus
2534,
2535,tradition
2536,immaculate conception
2537,birth
2538,presentation
2539,marriage to joseph
2540,perpetual virginity
2541,bible
2542,annunciation
2543,virginal motherhood
2544,visitation
2545,nativity of jesus
2546,presentation of jesus
2547,flight into egypt
2548,return to nazareth
2549,finding of jesus in the temple
2550,miracle at the wedding at cana
2551,passion of jesus
2552,crucifixion
2553,deposition
2554,resurrection
2555,pentecost
2556,tradition
2557,bilocation to st. james
2558,dormition
2559,assumption
2560,coronation
2561,queenship
2562,woman of the apocalypse
2563,apocryphal
2564,protoevangelium of james
2565,mariology
2566,christian
2567,anglican
2568,catholic
2569,history
2570,papal
2571,orthodox
2572,protestant
2573,lutheran
2574,islamic
2575,apparitions
2576,list
2577,catholic churches
2578,christmas
2579,devotions
2580,month of may
2581,feast days
2582,patronage
2583,shrines
2584,veneration of mary in the catholic church
2585,titles
2586,christotokos
2587,coredemptrix
2588,help of christians
2589,immaculate heart
2590,life-giving spring
2591,mediatrix
2592,of all graces
2593,new eve
2594,panagia
2595,our lady of navigators
2596,our lady of sorrows
2597,our lady of victory
2598,star of the sea
2599,seat of wisdom
2600,theotokos
2601,angelus
2602,antiphons
2603,alma redemptoris mater
2604,ave regina caelorum
2605,salve regina
2606,regina caeli
2607,ave maria
2608,fátima prayers
2609,hymns
2610,akathist
2611,ave maris stella
2612,sub tuum praesidium
2613,litany
2614,loreto
2615,magnificat
2616,maria mater gratiae
2617,memorare
2618,rosary
2619,three hail marys
2620,art
2621,west
2622,assumption
2623,black madonna
2624,golden madonna of essen
2625,the golden virgin
2626,pietà
2627,queen of heaven
2628,stabat mater
2629,agiosoritissa
2630,madonna del rosario
2631,derzhavnaya
2632,eleusa
2633,theotokos of vladimir
2634,hodegetria
2635,life of the virgin
2636,saint luke painting the virgin
2637,category
2638,
2639,saints portal
2640,v
2641,t
2642,e
2643,twelve apostles
2644,andrew
2645,bartholomew
2646,nathanael
2647,"james, son of alphaeus"
2648,the less
2649,"james, son of zebedee"
2650,john
2651,beloved
2652,evangelist
2653,patmos
2654,judas iscariot
2655,judas thaddaeus
2656,matthew
2657,philip
2658,simon peter
2659,simon the zealot
2660,thomas
2661,seventy disciples
2662,matthias
2663,paul
2664,conversion
2665,"james, brother of jesus"
2666,barnabas
2667,commissioning of the twelve
2668,calling of the disciples
2669,calling of matthew
2670,mission discourse
2671,coming persecutions
2672,holy kinship
2673,last supper
2674,farewell discourse
2675,great commission
2676,apostolic age
2677,apostolic see
2678,acts of the apostles
2679,pentecost
2680,holy spirit
2681,dispersion
2682,pauline epistles
2683,relics and burial sites
2684,apostolic succession
2685,apostles' creed
2686,v
2687,t
2688,e
2689,new testament people
2690,christ
2691,in christianity
2692,historical
2693,life of jesus in the new testament
2694,gospels
2695,alphaeus
2696,anna the prophetess
2697,annas
2698,barabbas
2699,bartimaeus
2700,blind man (bethsaida)
2701,caiaphas
2702,celidonius
2703,cleopas
2704,clopas
2705,devil
2706,"penitent thief (""dismas"")"
2707,elizabeth
2708,gabriel
2709,"impenitent thief (""gestas"")"
2710,jairus' daughter
2711,joanna
2712,john the baptist
2713,joseph
2714,joseph of arimathea
2715,jude
2716,lazarus
2717,legion
2718,luke
2719,lysanias
2720,malchus
2721,martha
2722,"mary, mother of jesus"
2723,mary magdalene
2724,"mary, mother of james"
2725,"mary, sister of martha"
2726,mary of clopas
2727,naked fugitive
2728,son of nain's widow
2729,nicodemus
2730,nicodemus ben gurion
2731,salome
2732,samaritan woman
2733,satan
2734,simeon
2735,"simon, brother of jesus"
2736,simon of cyrene
2737,simon the leper
2738,simon the pharisee
2739,susanna
2740,syrophoenician woman
2741,theophilus
2742,zacchaeus
2743,zebedee
2744,zechariah
2745,people named james
2746,people named john
2747,people named joseph
2748,joses
2749,people named judas or jude
2750,people named mary
2751,people named simon or simeon
2752,angels
2753,jesus's brothers
2754,demons
2755,disciples
2756,evangelists
2757,female disciples of jesus
2758,god-fearers
2759,herodians
2760,magi
2761,myrrhbearers
2762,nameless
2763,pharisees
2764,prophets
2765,proselytes
2766,sadducees
2767,samaritans
2768,sanhedrin
2769,scribes
2770,seventy disciples
2771,shepherds
2772,women at the crucifixion
2773,zealots
2774,apostles
2775,andrew
2776,bartholomew
2777,nathanael
2778,"james, son of alphaeus"
2779,less
2780,"james, son of zebedee"
2781,john
2782,evangelist
2783,patmos
2784,disciple whom jesus loved
2785,judas iscariot
2786,judas thaddaeus
2787,matthew
2788,philip
2789,simon peter
2790,simon the zealot
2791,thomas
2792,acts
2793,aeneas
2794,agabus
2795,ananias (damascus)
2796,ananias (judaea)
2797,ananias son of nedebeus
2798,apollos
2799,aquila
2800,aristarchus
2801,barnabas
2802,blastus
2803,cornelius
2804,damaris
2805,demetrius
2806,dionysius
2807,dorcas
2808,elymas
2809,egyptian
2810,ethiopian eunuch
2811,eutychus
2812,gamaliel
2813,"james, brother of jesus"
2814,jason
2815,joseph barsabbas
2816,judas barsabbas
2817,judas of galilee
2818,lucius
2819,luke
2820,lydia
2821,manaen
2822,(john) mark
2823,evangelist
2824,cousin of barnabas
2825,"mary, mother of (john) mark"
2826,matthias
2827,mnason
2828,nicanor
2829,nicholas
2830,parmenas
2831,paul
2832,philip
2833,priscilla
2834,prochorus
2835,publius
2836,rhoda
2837,sapphira
2838,sceva
2839,seven deacons
2840,silas
2841,silvanus
2842,simeon niger
2843,simon magus
2844,sopater
2845,sosthenes
2846,stephen
2847,theudas
2848,timothy
2849,titus
2850,trophimus
2851,tychicus
2852,zenas
2853,romans
2854,herod's family
2855,antipas
2856,archelaus
2857,herod the great
2858,herodias
2859,longinus
2860,philip
2861,pilate
2862,pilate's wife
2863,quirinius
2864,salome
2865,tiberius
2866,agrippa
2867,agrippa ii
2868,berenice
2869,cornelius
2870,drusilla
2871,felix
2872,festus
2873,gallio
2874,lysias
2875,paullus
2876,epistles
2877,achaicus
2878,alexander of ephesus
2879,alexander the coppersmith
2880,andronicus
2881,archippus
2882,aretas iv
2883,artemas
2884,carpus
2885,claudia
2886,crescens
2887,demas
2888,diotrephes
2889,epaphras
2890,epaphroditus
2891,erastus
2892,eunice
2893,euodia and syntyche
2894,herodion
2895,hymenaeus
2896,jesus justus
2897,junia
2898,linus
2899,lois
2900,mary
2901,michael
2902,nymphas
2903,olympas
2904,onesimus
2905,onesiphorus
2906,pudens
2907,philemon
2908,philetus
2909,phoebe
2910,quartus
2911,sosipater
2912,tertius
2913,tryphena and tryphosa
2914,revelation
2915,antipas
2916,four horsemen
2917,apollyon
2918,two witnesses
2919,woman
2920,beast
2921,three angels
2922,whore of babylon
2923,v
2924,t
2925,e
2926,sermon on the mount
2927,sermon on the plain
2928,matthew
2929,"5, "
2930,"6, "
2931,and 7
2932,beatitudes
2933,salt and light
2934,city upon a hill
2935,lamp under a bushel
2936,light of the world
2937,turning the other cheek
2938,love your enemies
2939,lord's prayer
2940,the birds of the air
2941,sufficient unto the day is the evil thereof
2942,the mote and the beam
2943,golden rule
2944,the tree and its fruits
2945,false prophet
2946,wolf in sheep's clothing
2947,the wise and foolish builders
2948,ministry of jesus
2949,parables
2950,five discourses of matthew
2951,life of jesus in the new testament
2952,mount of beatitudes
2953,our lord's sermon on the mount
2954,the kingdom of god is within you
2955,v
2956,t
2957,e
2958,parables of jesus
2959,barren fig tree
2960,budding fig tree
2961,counting the cost
2962,drawing in the net
2963,faithful servant
2964,friend at night
2965,good samaritan
2966,good shepherd
2967,grain of wheat
2968,great banquet
2969,growing seed
2970,hidden treasure
2971,lamp
2972,leaven
2973,lost coin
2974,lost sheep
2975,master and servant
2976,mote and the beam
2977,mustard seed
2978,new wine into old wineskins
2979,pearl
2980,pharisee and the publican
2981,prodigal son
2982,rich fool
2983,rich man and lazarus
2984,scribe
2985,sheep and goats
2986,sower
2987,strong man
2988,talents or minas
2989,tares
2990,ten virgins
2991,true vine
2992,tree and its fruits
2993,two debtors
2994,two sons
2995,unjust judge
2996,unjust steward
2997,unforgiving servant
2998,wedding feast
2999,wicked husbandmen
3000,wise and foolish builders
3001,workers in the vineyard
3002,assassin
3003,empty jar
3004,ministry
3005,parable
3006,v
3007,t
3008,e
3009,miracles of jesus
3010,water into wine
3011,catch of fish
3012,coin in the fish's mouth
3013,feeding the multitude
3014,fig tree cursed
3015,calming the storm
3016,walking on water
3017,
3018,bleeding woman
3019,blind man of bethsaida
3020,blind near jericho
3021,blind men in galilee
3022,centurion's servant
3023,cleansing a leper
3024,cleansing ten lepers
3025,deaf mute of decapolis
3026,dropsy
3027,gennesaret healings
3028,hunched woman
3029,man blind from birth
3030,mother of peter's wife
3031,paralytic at bethesda
3032,paralytic at capernaum
3033,royal official's son
3034,servant's ear
3035,withered hand
3036,capernaum synagogue
3037,at sunset
3038,gerasene demoniac (legion)
3039,mute man
3040,blind mute
3041,syrophoenician's daughter
3042,boy
3043,son of the widow of nain
3044,daughter of jairus
3045,lazarus
3046,transfiguration
3047,resurrection of jesus
3048,ascension
3049,ministry
3050,miracle
3051,christianity portal
3052,v
3053,t
3054,e
3055,christianity
3056,index
3057,outline
3058,glossary
3059,prophets
3060,people
3061,lists of christians
3062,by country
3063,bible
3064,(scriptures)
3065,canon
3066,old testament
3067,new testament
3068,church
3069,creed
3070,gospel
3071,new covenant
3072,christian tradition
3073,worship
3074,history
3075,timeline
3076,spread
3077,earlychristianity
3078,in christianity
3079,nativity
3080,baptism
3081,ministry
3082,sermon on the mount
3083,parables
3084,miracles
3085,great commandment
3086,crucifixion
3087,resurrection
3088,great commission
3089,apostles
3090,church fathers
3091,apostolic fathers
3092,great church
3093,ante-nicene period
3094,late antiquity
3095,constantine
3096,first seven ecumenical councils
3097,nicaea i
3098,chalcedon
3099,state church of the roman empire
3100,christian biblical canon
3101,middle ages
3102,monasticism
3103,papal states
3104,east–west schism
3105,investiture controversy
3106,crusades
3107,age of discovery
3108,modern era
3109,protestant reformation
3110,catholic reformation
3111,thirty years' war
3112,enlightenment
3113,french revolution
3114,relations with islam
3115,influences
3116,denominations
3117,list
3118,members
3119,western
3120,catholic
3121,protestant
3122,adventist
3123,anabaptist
3124,anglican
3125,baptist
3126,calvinist
3127,charismatic
3128,evangelical
3129,holiness
3130,lutheran
3131,methodist
3132,pentecostal
3133,quakers
3134,western rite orthodoxy
3135,eastern
3136,eastern orthodox
3137,church
3138,oriental orthodox (miaphysite)
3139,church of the east (nestorian)
3140,eastern catholic
3141,restorationist
3142,jehovah's witnesses
3143,latter day saint movement
3144,iglesia ni cristo
3145,theology
3146,god
3147,trinity
3148,father
3149,son
3150,holy spirit
3151,christology
3152,nicene creed
3153,tradition
3154,original sin
3155,salvation
3156,born again
3157,liturgy
3158,catholic
3159,eastern catholic
3160,eastern orthodox
3161,protestant
3162,worship
3163,mariology
3164,theotokos
3165,saints
3166,angel
3167,ecclesiology
3168,four marks
3169,body of christ
3170,one true church
3171,people of god
3172,canon law
3173,sacraments
3174,baptism
3175,eucharist
3176,marriage
3177,confirmation
3178,penance
3179,anointing of the sick
3180,holy orders
3181,mission
3182,ablution
3183,hygiene
3184,philosophy
3185,natural law
3186,ethics
3187,science
3188,evolution
3189,politics
3190,views on poverty and wealth
3191,culture
3192,architecture
3193,architecture of cathedrals and great churches
3194,art
3195,jesus
3196,mary
3197,trinity
3198,god the father
3199,holy spirit
3200,education
3201,catechism
3202,flag
3203,literature
3204,music
3205,mythology
3206,pilgrimage
3207,popular piety
3208,church buildings
3209,cathedrals
3210,role in civilization
3211,movements
3212,crusading movement
3213,anarchism
3214,charismatic
3215,democracy
3216,environmentalism
3217,existentialism
3218,fundamentalism
3219,liberation
3220,left
3221,right
3222,mysticism
3223,pacifism
3224,prosperity
3225,christendom
3226,ecumenism
3227,charta oecumenica
3228,world council of churches
3229,world evangelical alliance
3230,nondenominationalism
3231,cultural christians
3232,anti-christian sentiment
3233,criticism
3234,persecution
3235,relations with other religions
3236,
3237,christianity portal
3238,category
3239,v
3240,t
3241,e
3242,gospel of matthew
3243,bible
3244,new testament
3245,chapters
3246,matthew 1
3247,2
3248,3
3249,4
3250,5
3251,6
3252,7
3253,8
3254,9
3255,10
3256,11
3257,12
3258,13
3259,14
3260,15
3261,16
3262,17
3263,18
3264,19
3265,20
3266,21
3267,22
3268,23
3269,24
3270,25
3271,26
3272,27
3273,28
3274,verses
3275,matthew 1
3276,2
3277,3
3278,4
3279,5
3280,6
3281,7
3282,8
3283,9
3284,10
3285,11
3286,12
3287,13:1–3
3288,14
3289,15
3290,16:2b–3
3291,19
3292,27:1–12; 52–66
3293,28
3294,jesus' birth
3295,star of bethlehem
3296,magi
3297,flight into egypt
3298,massacre of the innocents
3299,return to nazareth
3300,kingdom of heaven
3301,baptism
3302,temptation
3303,galilean ministry
3304,fishers of men
3305,behold the bridegroom
3306,sermon on the mount
3307,beatitudes
3308,lord's prayer
3309,golden rule
3310,jesus preaches in a ship
3311,calming the storm
3312,feeding the multitude
3313,walking on water
3314,transfiguration
3315,great commandment
3316,olivet discourse
3317,ten virgins
3318,anointing
3319,passion of jesus
3320,last supper
3321,crucifixion of jesus
3322,burial
3323,empty tomb
3324,resurrection
3325,great commission
3326,andrew
3327,caiaphas
3328,herod
3329,james
3330,jeremiah
3331,john
3332,john the baptist
3333,joseph
3334,judas iscariot
3335,mary
3336,mary magdalene
3337,"mary, sister of martha"
3338,matthew
3339,philip
3340,pontius pilate
3341,rachel
3342,simon peter
3343,thomas
3344,zebedee
3345,angels
3346,pharisees
3347,sadducees
3348,sanhedrin
3349,bethany
3350,bethlehem
3351,bethsaida
3352,capernaum
3353,egypt
3354,galilee
3355,jerusalem
3356,jordan river
3357,judea
3358,samaria
3359,sea of galilee
3360,q source
3361,m source
3362,gospel of mark
3363,textual variants
3364,augustinian hypothesis
3365,two-gospel hypothesis
3366,genealogy of jesus
3367,five discourses of matthew
3368,calling of matthew
3369,the gospel according to st. matthew
3370,godspell
3371,godspell
3372,the visual bible: matthew
3373,book of malachi
3374,chapter 4
3375,bible portal
3376,
3377,christianity portal
3378,gospel of mark
3379,chapter 1
3380,v
3381,t
3382,e
3383,gospel of mark
3384,bible
3385,chapters
3386,new testament
3387,mark 1
3388,2
3389,3
3390,4
3391,5
3392,6
3393,7
3394,8
3395,9
3396,10
3397,11
3398,12
3399,13
3400,14
3401,15
3402,16
3403,jesus's baptism
3404,temptation
3405,galilean ministry
3406,calming the storm
3407,feeding the 5000
3408,walking on water
3409,transfiguration
3410,great commandment
3411,olivet discourse
3412,anointing
3413,passion of jesus
3414,last supper
3415,pilate's court
3416,crucifixion
3417,entombment/burial
3418,empty tomb
3419,resurrection
3420,naked fugitive
3421,sayings of jesus on the cross
3422,andrew
3423,caiaphas
3424,herod antipas
3425,john the baptist
3426,joseph of arimathea
3427,judas iscariot
3428,"mary, mother of james"
3429,"mary, mother of jesus"
3430,mary magdalene
3431,"mary, sister of martha"
3432,philip
3433,pontius pilate
3434,rufus
3435,salome
3436,simon of cyrene
3437,simon peter
3438,thomas
3439,zebedee
3440,pharisees
3441,sadducees
3442,samaritans
3443,sanhedrin
3444,bethany
3445,bethsaida
3446,capernaum
3447,dalmanutha
3448,galilee
3449,jerusalem
3450,jordan river
3451,judea
3452,nazareth
3453,samaria
3454,sea of galilee
3455,mark the evangelist
3456,john mark
3457,textual variants
3458,marcan priority
3459,two-source hypothesis
3460,three-source hypothesis
3461,messianic secret
3462,gospel of matthew
3463,chapter 28
3464,bible portal
3465,
3466,christianity portal
3467,gospel of luke
3468,chapter 1
3469,v
3470,t
3471,e
3472,gospel of luke
3473,bible
3474,new testament
3475,chapters
3476,luke 1
3477,2
3478,3
3479,4
3480,5
3481,6
3482,7
3483,8
3484,9
3485,10
3486,11
3487,12
3488,13
3489,14
3490,15
3491,16
3492,17
3493,18
3494,19
3495,20
3496,21
3497,22
3498,23
3499,24
3500,verses
3501,luke 22:43–44
3502,annunciation to mary
3503,elizabeth
3504,and the shepherds
3505,adoration of shepherds
3506,john the baptist's birth
3507,census of quirinius
3508,jesus' birth
3509,circumcision
3510,presentation at the temple
3511,finding in the temple
3512,genealogy
3513,baptism
3514,temptation
3515,calling of matthew
3516,counting the cost
3517,sermon on the plain
3518,beatitudes
3519,calming the storm
3520,feeding the 5000
3521,transfiguration
3522,great commandment
3523,lord's prayer
3524,prodigal son
3525,olivet discourse
3526,passion of jesus
3527,last supper
3528,pilate's court
3529,crucifixion
3530,burial
3531,empty tomb
3532,resurrection
3533,ascension
3534,benedictus
3535,fishers of men
3536,magnificat
3537,new wine into old wineskins
3538,nunc dimittis (song of simeon)
3539,parable of the unjust steward
3540,rich man and lazarus
3541,the four woes of jesus
3542,abijah
3543,andrew
3544,anna
3545,annas
3546,augustus
3547,caiaphas
3548,david
3549,elisha
3550,elizabeth
3551,gabriel
3552,herod antipas
3553,herod the great
3554,john the baptist
3555,joseph
3556,joseph of arimathea
3557,judas iscariot
3558,lazarus
3559,lysanias
3560,martha
3561,"mary, mother of jesus"
3562,mary magdalene
3563,"mary, sister of martha"
3564,naaman
3565,philip (apostle)
3566,philip (tetrarch)
3567,pontius pilate
3568,quirinius
3569,simeon
3570,simon peter
3571,theophilus
3572,thomas
3573,tiberius caesar
3574,zebedee
3575,zechariah
3576,angels
3577,pharisees
3578,sadducees
3579,samaritans
3580,sanhedrin
3581,seventy disciples
3582,abilene
3583,bethany
3584,bethsaida
3585,capernaum
3586,decapolis
3587,emmaus
3588,galilee
3589,iturea
3590,jerusalem
3591,jordan river
3592,judea
3593,nain
3594,samaria
3595,sea of galilee
3596,trachonitis
3597,luke the evangelist
3598,authorship of luke–acts
3599,gospel of mark
3600,q source
3601,l source
3602,textual variants
3603,jesus
3604,gospel of mark
3605,chapter 16
3606,bible portal
3607,
3608,christianity portal
3609,gospel of john
3610,chapter 1
3611,v
3612,t
3613,e
3614,gospel of john
3615,bible
3616,new testament
3617,chapters
3618,john 1
3619,book of signs
3620,2
3621,3
3622,4
3623,5
3624,6
3625,7
3626,8
3627,9
3628,10
3629,11
3630,12
3631,book of glory
3632,13
3633,14
3634,15
3635,16
3636,17
3637,18
3638,19
3639,20
3640,epilogue: 21
3641,verses
3642,john 1:1
3643,20
3644,23
3645,25
3646,33
3647,35
3648,42
3649,3:16
3650,14:6
3651,18:38
3652,20:1–31
3653,wedding at cana
3654,bread of life discourse
3655,feeding the 5000
3656,healing a blind man
3657,healing a paralytic
3658,healing a sick son
3659,jesus and the woman taken in adultery
3660,walking on water
3661,raising of lazarus
3662,anointing
3663,foot washing
3664,passion of jesus
3665,last supper
3666,farewell discourse
3667,crucifixion
3668,burial
3669,empty tomb
3670,resurrection of jesus
3671,restoration of peter
3672,in the beginning
3673,logos
3674,disciple whom jesus loved
3675,doubting thomas
3676,ecce homo
3677,feast of dedication
3678,"""love one another"""
3679,jesus wept
3680,noli me tangere
3681,"quod scripsi, scripsi"
3682,that they all may be one
3683,via et veritas et vita
3684,the truth will set you free
3685,andrew
3686,annas
3687,caiaphas
3688,herod antipas
3689,john the baptist
3690,joseph of arimathea
3691,judas iscariot
3692,mother of jesus
3693,lazarus
3694,malchus
3695,martha
3696,mary magdalene
3697,"mary, sister of martha"
3698,nathanael
3699,nicodemus
3700,philip
3701,pontius pilate
3702,simon peter
3703,thomas
3704,zebedee
3705,angels
3706,pharisees
3707,sadducees
3708,samaritans
3709,sanhedrin
3710,ænon
3711,bethabara
3712,bethany
3713,bethsaida
3714,cana
3715,capernaum
3716,galilee
3717,jacob's well
3718,jerusalem
3719,jordan river
3720,judea
3721,kidron
3722,samaria
3723,sea of galilee
3724,solomon's porch
3725,sychar
3726,i am
3727,i am (biblical term)
3728,bread of life
3729,light of the world
3730,gate for the sheep
3731,good shepherd
3732,resurrectio et vita
3733,via et veritas et vita
3734,true vine
3735,authorship
3736,johannine community
3737,john the apostle
3738,john the evangelist
3739,johannine literature
3740,holy spirit
3741,textual variants
3742,the gospel of john
3743,the gospel of john
3744,gospel of luke
3745,chapter 24
3746,bible portal
3747,
3748,christianity portal
3749,acts of the apostles
3750,chapter 1
3751,v
3752,t
3753,e
3754,acts of the apostles
3755,bible
3756,chapters
3757,new testament
3758,acts 1
3759,2
3760,3
3761,4
3762,5
3763,6
3764,7
3765,8
3766,9
3767,10
3768,11
3769,12
3770,13
3771,14
3772,15
3773,16
3774,17
3775,18
3776,19
3777,20
3778,21
3779,22
3780,23
3781,24
3782,25
3783,26
3784,27
3785,28
3786,ascension
3787,pentecost
3788,conversion of paul
3789,peter's vision
3790,peter's liberation
3791,council of jerusalem
3792,areopagus sermon
3793,book burning at ephesus
3794,aeneas
3795,agabus
3796,agrippa
3797,agrippa ii
3798,ananias (damascus)
3799,ananias (high priest)
3800,ananias (judea)
3801,apollos
3802,aquila
3803,aristarchus
3804,bar-jesus
3805,barnabas
3806,berenice
3807,blastus
3808,cornelius
3809,demetrius
3810,dionysius
3811,dorcas
3812,drusilla
3813,ethiopian eunuch
3814,eutychus
3815,felix
3816,festus
3817,gallio
3818,gamaliel
3819,james the just
3820,jason
3821,joseph barsabbas
3822,judas barsabbas
3823,judas of galilee
3824,lucius
3825,luke
3826,lydia
3827,lysias
3828,manaen
3829,(john) mark
3830,cousin of barnabas
3831,mary mother of john mark
3832,matthias
3833,nicanor
3834,nicholas
3835,parmenas
3836,paul
3837,paullus
3838,peter
3839,philip
3840,priscilla
3841,prochorus
3842,publius
3843,rhoda
3844,sapphira
3845,sceva
3846,seven deacons
3847,silas
3848,simeon niger
3849,simon the sorcerer
3850,sopater
3851,stephen
3852,theophilus
3853,theudas
3854,timothy
3855,titus
3856,trophimus
3857,tychicus
3858,achaea
3859,alexandria
3860,amphipolis
3861,antioch of pisidia
3862,antioch of syria
3863,antipatris
3864,asia
3865,assos
3866,atalia
3867,athens
3868,berea
3869,bithynia
3870,caesarea
3871,cenchrea
3872,chios
3873,cilicia
3874,corinth
3875,cos
3876,creta
3877,cyprus
3878,derbe
3879,ephesus
3880,forum appii
3881,galatia
3882,iconium
3883,italy
3884,jerusalem
3885,lycaonia
3886,lystra
3887,macedonia
3888,malta
3889,mytilene
3890,miletus
3891,mysia
3892,neapolis
3893,paphos
3894,pamphilia
3895,patara
3896,perga
3897,philippi
3898,phrygia
3899,pisidia
3900,pontus
3901,ptolemais
3902,puteoli
3903,regium
3904,rodos
3905,rome
3906,salamis
3907,samos
3908,samothrace
3909,seleucia
3910,syracuse
3911,syria
3912,thessalonica
3913,thyatira
3914,tyre
3915,three taverns
3916,troas
3917,christians
3918,synagogue of the libertines
3919,apostolic age
3920,luke–acts
3921,authorship
3922,luke the evangelist
3923,historical reliability
3924,holy spirit
3925,in christianity
3926,textual variants
3927,gamaliel's principle
3928,the visual bible: acts
3929,gospel of john
3930,chapter 21
3931,bible portal
3932,
3933,christianity portal
3934,epistle to the romans
3935,chapter 1
3936,v
3937,t
3938,e
3939,titles
3940,alpha and omega
3941,bread of life
3942,christ (messiah)
3943,king of the jews
3944,lamb of god
3945,last/second adam
3946,light of the world
3947,logos (the word)
3948,lord (kyrios)
3949,almighty
3950,son of god
3951,son of man
3952,v
3953,t
3954,e
3955,life of jesus in art
3956,annunciation
3957,nativity
3958,adoration of the magi
3959,taking leave of his mother
3960,transfiguration
3961,last supper
3962,flagellation 
3963,ecce homo
3964,stabat mater
3965,descent from the cross
3966,lamentation
3967,pietà
3968,resurrection
3969,road to emmaus
3970,ascension
3971,
3972,depiction of jesus
3973,list of statues of jesus
3974,visual arts
3975,christianity
3976,portals
3977,
3978,christianity
3979,islam
3980,
3981,religion
3982,bible
3983,biography
3984,sister projects
3985,authority control databases
3986,categories
3987,0s bc births
3988,30s deaths
3989,1st-century apocalypticists
3990,1st-century bce jews
3991,1st-century executions
3992,1st-century jews
3993,1st-century rabbis
3994,angelic visionaries
3995,carpenters
3996,creator gods
3997,deified men
3998,exorcists
3999,faith healers
4000,founders of religions
4001,god in christianity
4002,jesus
4003,jewish messiah claimants
4004,judean people
4005,life-death-rebirth gods
4006,names of god
4007,people considered avatars by their followers
4008,people executed by crucifixion
4009,people executed by the roman empire
4010,people from bethlehem
4011,people from nazareth
4012,prophets of the new testament
4013,prophets in the druze faith
4014,publicly executed people
4015,rabbis of the land of israel
4016,savior gods
4017,ascetics
4018,homeless people
4019,torture victims
4020,miracle workers
4021,nonviolence advocates
4022,articles containing ancient greek (to 1453)-language text
4023,articles containing hebrew-language text
4024,webarchive template wayback links
4025,articles incorporating a citation from the 1913 catholic encyclopedia with wikisource reference
4026,pages with numeric bible version references
4027,articles with short description
4028,short description is different from wikidata
4029,featured articles
4030,wikipedia indefinitely move-protected pages
4031,wikipedia indefinitely semi-protected pages
4032,use oxford spelling from december 2023
4033,use dmy dates from december 2023
4034,articles with hcards
4035,pages using sidebar with the child parameter
4036,no local image but image on wikidata
4037,articles with haudio microformats
4038,spoken articles
4039,articles containing tagalog-language text
4040,pages using sister project links with hidden wikidata
4041,articles with fast identifiers
4042,articles with isni identifiers
4043,articles with viaf identifiers
4044,articles with bibsys identifiers
4045,articles with bnc identifiers
4046,articles with bne identifiers
4047,articles with bnf identifiers
4048,articles with bnfdata identifiers
4049,articles with bnmm identifiers
4050,articles with canticn identifiers
4051,articles with gnd identifiers
4052,articles with j9u identifiers
4053,articles with lccn identifiers
4054,articles with libris identifiers
4055,articles with lnb identifiers
4056,articles with ncl identifiers
4057,articles with ndl identifiers
4058,articles with nkc identifiers
4059,articles with nla identifiers
4060,articles with nlg identifiers
4061,articles with nsk identifiers
4062,articles with nta identifiers
4063,articles with plwabn identifiers
4064,articles with rsl identifiers
4065,articles with cinii identifiers
4066,articles with kulturnav identifiers
4067,articles with musicbrainz identifiers
4068,articles with tepapa identifiers
4069,articles with ulan identifiers
4070,articles with dtbio identifiers
4071,articles with trove identifiers
4072,articles with lir identifiers
4073,articles with nara identifiers
4074,articles with rism identifiers
4075,articles with snac-id identifiers
4076,articles with sudoc identifiers
4077,articles with tdvi̇a identifiers
4078,year of birth uncertain
4079,year of death uncertain
4080,about wikipedia
4081,disclaimers
